"Date","m1","m2","m1_pred","m2_pred"
1970-01-01,0.54030230586814,0.693147180559945,0.603281332713351,0.588915555999217
1970-01-02,-0.416146836547142,1.09861228866811,-0.409003010272866,1.04057528013279
1970-01-03,-0.989992496600445,1.38629436111989,-1.12903942466137,1.28538337356266
1970-01-04,-0.653643620863612,1.6094379124341,-0.71251194915829,1.74324620979709
1970-01-05,0.283662185463226,1.79175946922805,0.292271828522823,1.80190316944358
1970-01-06,0.960170286650366,1.94591014905531,1.0235675224296,1.90096300817127
1970-01-07,0.753902254343305,2.07944154167984,0.869132774203841,2.09484738406677
1970-01-08,-0.145500033808614,2.19722457733622,-0.0831047855115772,2.02842013416376
1970-01-09,-0.911130261884677,2.30258509299405,-0.789882160001496,2.40204057788988
1970-01-10,-0.839071529076452,2.39789527279837,-0.80566390823837,2.28840713946075
1970-01-11,0.00442569798805079,2.484906649788,-0.096091523558031,2.39800942809098
1970-01-12,0.843853958732492,2.56494935746154,0.674324544121926,2.51925061361065
1970-01-13,0.907446781450196,2.63905732961526,0.984681219292028,2.6651217765254
1970-01-14,0.136737218207834,2.70805020110221,-0.0217280211250221,2.8194421707996
1970-01-15,-0.759687912858821,2.77258872223978,-0.745228935855913,2.630713241079
1970-01-16,-0.957659480323385,2.83321334405622,-1.03454435846234,2.84645183281682
1970-01-17,-0.275163338051597,2.89037175789616,-0.300705259632515,2.92113560702595
1970-01-18,0.66031670824408,2.94443897916644,0.656656513620933,2.83990020555084
1970-01-19,0.988704618186669,2.99573227355399,0.873142911977706,2.93424745239619
1970-01-20,0.408082061813392,3.04452243772342,0.572669680591308,3.1219576738556
1970-01-21,-0.547729260224268,3.09104245335832,-0.552441721835837,3.18318991769419
1970-01-22,-0.999960826394637,3.13549421592915,-1.01152048864747,3.07695607155503
1970-01-23,-0.532833020333398,3.17805383034795,-0.555982630309971,3.22018066313804
1970-01-24,0.424179007336997,3.2188758248682,0.588907417492731,3.26254208579011
1970-01-25,0.991202811863474,3.25809653802148,0.794330087219201,3.18341753651296
1970-01-26,0.64691932232864,3.29583686600433,0.651662286344951,3.28384738466711
1970-01-27,-0.292138808733836,3.3322045101752,-0.302890795993977,3.25484536960203
1970-01-28,-0.962605866313567,3.36729582998647,-1.00834922634894,3.36445665624737
1970-01-29,-0.748057529689,3.40119738166216,-0.857851339024325,3.3132490579446
1970-01-30,0.154251449887584,3.43398720448515,0.304571420906597,3.57638344519586
1970-01-31,0.914742357804531,3.46573590279973,1.02614340857834,3.49765655334006
1970-02-01,0.83422336050651,3.49650756146648,0.803428049003148,3.54005931233414
1970-02-02,-0.0132767472230595,3.52636052461616,-0.0249639138811213,3.71863502717889
1970-02-03,-0.848570274784605,3.55534806148941,-0.918537867110426,3.47561967914849
1970-02-04,-0.903692205091507,3.58351893845611,-0.92866373915577,3.58514686212431
1970-02-05,-0.127963689627405,3.61091791264422,-0.163653334514229,3.62215931755022
1970-02-06,0.765414051945343,3.63758615972639,0.698853615429883,3.77606541657792
1970-02-07,0.955073644047295,3.66356164612965,0.916992806837431,3.70228116437486
1970-02-08,0.266642932359937,3.68887945411394,0.351929934106915,3.50789593896046
1970-02-09,-0.666938061652262,3.71357206670431,-0.592312460778644,3.82636982145129
1970-02-10,-0.987339277523826,3.73766961828337,-0.995342516801118,3.63652229694772
1970-02-11,-0.399985314988351,3.76120011569356,-0.420994010699995,3.69031991505429
1970-02-12,0.555113301520626,3.78418963391826,0.355852389715371,3.83306553113088
1970-02-13,0.999843308647691,3.80666248977032,1.01789414877044,4.03685851312605
1970-02-14,0.52532198881773,3.8286413964891,0.565108925456419,3.96375339219184
1970-02-15,-0.432177944884778,3.85014760171006,-0.320231087226765,3.87819396363511
1970-02-16,-0.992335469150929,3.87120101090789,-1.04563679381945,3.86240859982324
1970-02-17,-0.6401443394692,3.89182029811063,-0.608853283805804,3.89073521561305
1970-02-18,0.300592543743637,3.91202300542815,0.364606538350675,3.88503587693656
1970-02-19,0.964966028492113,3.93182563272433,0.947730241276325,4.08513950873354
1970-02-20,0.742154196813783,3.95124371858143,0.689084164925857,4.04625539813455
1970-02-21,-0.162990780795705,3.97029191355212,-0.218808057674054,4.0703476417721
1970-02-22,-0.918282786212119,3.98898404656427,-0.854176432530651,4.14445457938102
1970-02-23,-0.82930983286315,4.00733318523247,-0.894975947428926,3.74034488633894
1970-02-24,0.0221267562619557,4.02535169073515,0.109534305851047,3.9605669900678
1970-02-25,0.853220107722584,4.04305126783455,1.00691935236812,3.93501074123976
1970-02-26,0.899866826969194,4.06044301054642,0.934594106375996,4.02257689895163
1970-02-27,0.119180135448819,4.07753744390572,0.175688162060039,4.01800763364796
1970-02-28,-0.771080222975845,4.0943445622221,-0.928742822393998,4.03804928414338
1970-03-01,-0.952412980415156,4.11087386417331,-0.957057193783185,4.00146834324142
1970-03-02,-0.258101635938267,4.12713438504509,-0.38459319354194,4.01091651302439
1970-03-03,0.673507162323586,4.14313472639153,0.763463409720179,4.14477092741772
1970-03-04,0.98589658158255,4.15888308335967,1.29876482641799,4.15163995178015
1970-03-05,0.39185723042955,4.17438726989564,0.289189875697512,4.1294007590077
1970-03-06,-0.562453851238172,4.18965474202643,-0.529116814919416,4.29049881763868
1970-03-07,-0.99964745596635,4.20469261939097,-0.978346444788048,4.36758491568377
1970-03-08,-0.517769799789505,4.21950770517611,-0.56826963531619,4.35029939228574
1970-03-09,0.440143022496041,4.23410650459726,0.514193297548477,4.2600377783889
1970-03-10,0.993390379722272,4.24849524204936,0.844923844816618,4.34732712168028
1970-03-11,0.6333192030863,4.26267987704132,0.448078306472182,4.14629764207243
1970-03-12,-0.309022728166071,4.27666611901606,-0.275935059834542,4.24667160016668
1970-03-13,-0.967250588273882,4.29045944114839,-0.788015576724604,4.43404541590767
1970-03-14,-0.736192718227316,4.30406509320417,-0.604561944991548,4.30798501468068
1970-03-15,0.171717341830778,4.31748811353631,0.151562232007706,4.2496739847728
1970-03-16,0.921751269724749,4.33073334028633,1.04578598534074,4.25717221569205
1970-03-17,0.824331331107558,4.34380542185368,0.790504522452347,4.34337141192205
1970-03-18,-0.0309750317312165,4.35670882668959,-0.10649220024438,4.26939483527321
1970-03-19,-0.857803093244988,4.36944785246702,-0.666748917615811,4.47105638844058
1970-03-20,-0.895970946790963,4.38202663467388,-0.8013487734779,4.30218427146758
1970-03-21,-0.110387243839048,4.39444915467244,0.0212575252054835,4.23901325141436
1970-03-22,0.776685982021631,4.40671924726425,0.71582722038618,4.45036393128754
1970-03-23,0.949677697882543,4.4188406077966,0.972628673566799,4.40035870034763
1970-03-24,0.249540117973338,4.43081679884331,0.338895793296642,4.34340751598162
1970-03-25,-0.680023495587339,4.44265125649032,-0.783876700373141,4.34911349864002
1970-03-26,-0.984376643394042,4.45434729625351,-1.03774756252085,4.64494048722873
1970-03-27,-0.383698444949742,4.46590811865458,-0.504647087437458,4.63564323097838
1970-03-28,0.569750334265312,4.47733681447821,0.582577071284876,4.4768148638666
1970-03-29,0.999373283695125,4.48863636973214,0.828230894415124,4.52824715348191
1970-03-30,0.510177044941669,4.49980967033027,0.550424706096673,4.52641598002842
1970-03-31,-0.44807361612917,4.51085950651685,-0.378699851036453,4.42545886276105
1970-04-01,-0.994367460928201,4.52178857704904,-1.12248894258303,4.53476673104941
1970-04-02,-0.626444447910339,4.53259949315326,-0.386277058771178,4.51777326848599
1970-04-03,0.317428701519702,4.54329478227,0.331245970344121,4.47237855153226
1970-04-04,0.969459366669988,4.55387689160054,1.14539228946913,4.54769912697903
1970-04-05,0.73017356099482,4.56434819146784,0.781652058442209,4.639743638709
1970-04-06,-0.180430449291084,4.57471097850338,-0.211032419423031,4.49133219088025
1970-04-07,-0.925147536596414,4.58496747867057,-0.751506691379123,4.87465756998815
1970-04-08,-0.819288245291459,4.59511985013459,-0.913768215280036,4.81996958696469
1970-04-09,0.0398208803931389,4.60517018598809,-0.0461429272359639,4.48749213499934
1970-04-10,0.862318872287684,4.61512051684126,0.879897396544304,4.69105267949492
1970-04-11,0.89200486978816,4.62497281328427,0.850043596541607,4.59344042030941
1970-04-12,0.101585703696621,4.63472898822964,0.11616046946013,4.59922379053578
1970-04-13,-0.782230889887116,4.64439089914137,-0.738621280021411,4.66616221260163
1970-04-14,-0.946868010751213,4.65396035015752,-1.00433288437009,4.69846981868431
1970-04-15,-0.240959049236201,4.66343909411207,-0.43698042248533,4.60476287356202
1970-04-16,0.686486550906984,4.67282883446191,0.910887594700161,4.64956883545369
1970-04-17,0.982779582041221,4.68213122712422,0.949354879110899,4.65677479072316
1970-04-18,0.375509597767012,4.69134788222914,0.526737138912936,4.81031595838132
1970-04-19,-0.577002178942952,4.70048036579242,-0.519974584696894,4.65928678521844
1970-04-20,-0.999020813314648,4.70953020131233,-0.866777927730741,4.59321545855082
1970-04-21,-0.502544319145385,4.71849887129509,-0.584448975239896,4.72346098967247
1970-04-22,0.455969104444276,4.72738781871234,0.49200258034276,4.74563318645957
1970-04-23,0.995266636217131,4.7361984483945,0.911974089623753,4.44559196362876
1970-04-24,0.61952061255921,4.74493212836325,0.711736413823952,4.66047203929239
1970-04-25,-0.325809805219964,4.75359019110636,-0.12738273219292,4.83975757021788
1970-04-26,-0.971592190628802,4.76217393479776,-1.13978680553442,4.79859969494687
1970-04-27,-0.724097196700474,4.77068462446567,-0.673070253191175,4.9581329733254
1970-04-28,0.189129420528958,4.77912349311153,0.0640937342280884,4.82506820104191
1970-04-29,0.928471320739076,4.78749174278205,0.92887944019545,4.72678419614702
1970-04-30,0.814180970526562,4.79579054559674,0.799693545061471,4.53745395883192
1970-05-01,-0.0486636092001539,4.80402104473326,-0.0920973238822954,4.79394683821832
1970-05-02,-0.86676709105198,4.81218435537242,-0.823665479420794,4.91323392939291
1970-05-03,-0.887968906691855,4.82028156560504,-0.804061583512772,4.82336453455065
1970-05-04,-0.0927762045976609,4.8283137373023,-0.0982365416145557,4.89711367549871
1970-05-05,0.787714512144234,4.83628190695148,0.738156721323192,4.67034519395579
1970-05-06,0.943984139152314,4.84418708645859,0.836303161332101,4.81686672118425
1970-05-07,0.232359102029658,4.85203026391962,0.183782616793872,4.86414887951883
1970-05-08,-0.692895821920165,4.85981240436167,-0.713419192531261,4.82595092739957
1970-05-09,-0.981105522649388,4.86753445045558,-0.864247479309599,4.80192253222725
1970-05-10,-0.367291330454696,4.87519732320115,-0.388038590264304,4.83783883283001
1970-05-11,0.584208817109289,4.88280192258637,0.40993304041759,4.96267910537467
1970-05-12,0.998590072439991,4.89034912822175,1.02939591457547,4.75495147612102
1970-05-13,0.49487222040343,4.89783979995091,0.443730847073049,4.91105304263943
1970-05-14,-0.463828868851872,4.90527477843843,-0.41159275339228,5.03691317373566
1970-05-15,-0.996087835141185,4.91265488573605,-1.03908181134827,4.88321997657503
1970-05-16,-0.6125482394961,4.91998092582813,-0.655476390055318,4.79058916761575
1970-05-17,0.334165382630761,4.92725368515721,0.284845012134394,4.7851406000319
1970-05-18,0.973648893049518,4.93447393313069,0.824607233336948,4.73874531856748
1970-05-19,0.717964101410472,4.9416424226093,0.846712913504532,4.84999866458487
1970-05-20,-0.197813574004268,4.94875989037817,-0.0187697246384614,4.90858508393046
1970-05-21,-0.93172236174352,4.95582705760126,-0.869768363874158,5.05925326352513
1970-05-22,-0.809009906953598,4.96284463025991,-0.796096433097329,5.10263085522855
1970-05-23,0.0575025253491242,4.969813299576,0.06171242780231,4.93285022260039
1970-05-24,0.871147401032343,4.97673374242057,0.878930291323863,4.98682559097369
1970-05-25,0.8838633737085,4.98360662170834,0.857020572154799,4.85016480592586
1970-05-26,0.0839594367418485,4.99043258677874,0.0341944830766382,4.79157240772817
1970-05-27,-0.793136419166478,4.99721227376411,-0.782861746314641,4.95330857692841
1970-05-28,-0.941026309029144,5.00394630594546,-0.884861668215865,5.09250766207509
1970-05-29,-0.223740950135584,5.01063529409626,-0.176064034428074,4.96954504187815
1970-05-30,0.699250806478375,5.01727983681492,0.597953377115677,4.95753417538382
1970-05-31,0.979354596376429,5.02388052084628,0.957614526113751,5.03572235524648
1970-06-01,0.359044286891116,5.03043792139244,0.120727874104982,4.99964100788669
1970-06-02,-0.591369684144325,5.03695260241363,-0.440005448231542,5.03567610230011
1970-06-03,-0.9980810948185,5.04342511691925,-0.884759714785058,4.97893481071998
1970-06-04,-0.487161349803341,5.04985600724954,-0.688643433035179,5.17729283664545
1970-06-05,0.471652293561339,5.05624580534831,0.502901887815995,5.06542071688092
1970-06-06,0.996830993361718,5.06259503302697,1.20380904016429,4.91545401604257
1970-06-07,0.60552787498699,5.06890420222023,0.492644532512285,5.11145615552414
1970-06-08,-0.342494779115907,5.07517381523383,-0.285326563845519,5.21600324662158
1970-06-09,-0.975629312795237,5.08140436498446,-0.975238121869271,5.18016935486175
1970-06-10,-0.711774755635724,5.08759633523238,-0.706530422991664,5.06604689236567
1970-06-11,0.206482229337811,5.09375020080676,0.237487693364597,5.07522677728883
1970-06-12,0.93490040489975,5.0998664278242,0.852909689360714,5.06874225496406
1970-06-13,0.803775459710974,5.10594547390058,0.990347798439304,4.92397863906232
1970-06-14,-0.0663369363356237,5.11198778835654,-0.0323397429570293,5.07946837515969
1970-06-15,-0.875459459043705,5.11799381241676,-0.84342541201268,5.0481725001636
1970-06-16,-0.879688592495152,5.12396397940326,-0.888550989717367,5.19096504418351
1970-06-17,-0.0751360908983532,5.12989871492307,-0.111526693464873,5.32762143815023
1970-06-18,0.798496186162556,5.13579843705026,0.788488501874921,5.06563772663295
1970-06-19,0.937994752119441,5.14166355650266,0.980305005926111,5.11292428847848
1970-06-20,0.215105268762141,5.14749447681345,0.249692627160542,5.24871007894581
1970-06-21,-0.7055510066863,5.15329159449778,-0.704420900802778,4.99405770785845
1970-06-22,-0.977526940402531,5.15905529921453,-1.04224855863915,4.91142180847541
1970-06-23,-0.350769113209131,5.16478597392351,-0.333582560609631,5.21461228197908
1970-06-24,0.5984842190141,5.17048399503815,0.576965937656508,5.13884511096654
1970-06-25,0.997493920327152,5.17614973257383,0.943468753475162,5.17222654509236
1970-06-26,0.479412311470322,5.18178355029209,0.503630106475065,5.3814325834667
1970-06-27,-0.479438765629173,5.18738580584075,-0.335036208437958,5.13082511792508
1970-06-28,-0.997496052654355,5.19295685089021,-0.961363024494659,5.072753835823
1970-06-29,-0.598460069057858,5.19849703126583,-0.576222887232114,5.23065240309778
1970-06-30,0.350797342090421,5.2040066870768,0.249084223990271,5.38985179219336
1970-07-01,0.977533294705597,5.20948615284142,0.799244436208308,4.9217617800183
1970-07-02,0.705529644294206,5.21493575760899,0.796105425318388,4.99484418113608
1970-07-03,-0.215134707364621,5.22035582507832,-0.265732322325304,5.22855917586006
1970-07-04,-0.93800520121695,5.2257466737132,-0.904734657894748,5.00034100409939
1970-07-05,-0.798478038903032,5.23110861685459,-0.787613273340981,5.18679022095851
1970-07-06,0.0751661500081933,5.23644196282995,0.111211923446917,5.27823747264243
1970-07-07,0.879702927248347,5.24174701505964,0.914173182260363,5.36391884040944
1970-07-08,0.875444890134275,5.24702407216049,0.932201730950482,5.11741960482349
1970-07-09,0.0663068583517113,5.25227342804663,0.0573953652929183,5.24060027353127
1970-07-10,-0.803793393209672,5.25749537202778,-0.997515990207058,5.10822476136383
1970-07-11,-0.934889705937235,5.26269018890489,-0.914390779315264,5.41289809242517
1970-07-12,-0.206452734490879,5.26785815906333,-0.296018608169335,5.17719007783384
1970-07-13,0.711795928940826,5.27299955856375,0.701288080507875,5.27730867733773
1970-07-14,0.975622697919444,5.27811465923052,0.934462033263013,5.21563224115515
1970-07-15,0.342466457745517,5.28320372873799,0.340300200284592,5.25922774979105
1970-07-16,-0.605551864314651,5.28826703069454,-0.504380670578934,5.42589743609697
1970-07-17,-0.996828594969431,5.29330482472449,-0.85623130199616,5.15305729544338
1970-07-18,-0.471625712519911,5.29831736654804,-0.438148390540281,5.23076340036954
1970-07-19,0.487187675007006,5.30330490805908,0.540076154931379,5.26207502274031
1970-07-20,0.998082960913557,5.30826769740121,1.00028099998321,5.39950813971949
1970-07-21,0.591345375451585,5.31320597904179,0.50318969743388,5.40947643343451
1970-07-22,-0.359072421071653,5.31811999384422,-0.244555362674407,5.2788883386383
1970-07-23,-0.979360689608925,5.32300997913841,-0.985386948569802,5.30602616639318
1970-07-24,-0.699229256672974,5.32787616878958,-0.666728749931673,5.20894195487689
1970-07-25,0.223770330187178,5.33271879326537,0.246406733308319,5.30920520809976
1970-07-26,0.941036507442989,5.33753807970132,0.657595139713852,5.28043140040637
1970-07-27,0.793118059567917,5.34233425196481,0.668392294470664,5.34822601348276
1970-07-28,-0.0839894746225687,5.34710753071747,-0.0258465904311151,5.28423830782205
1970-07-29,-0.883877473182372,5.35185813347607,-0.98525258862755,5.27305427997281
1970-07-30,-0.871132599108112,5.35658627467201,-0.767308075998745,5.49198753774759
1970-07-31,-0.0574724308476655,5.36129216570943,-0.0646974574985612,5.52892443637461
1970-08-01,0.80902762528643,5.36597601502185,0.727365616907027,5.11710765883874
1970-08-02,0.931711413754232,5.37063802812766,1.00350372457831,5.33416466128139
1970-08-03,0.197784025223722,5.37527840768417,0.108843930833973,5.34119746098662
1970-08-04,-0.717985083969714,5.37989735354046,-0.55104595063275,5.62037230992409
1970-08-05,-0.973642018119255,5.38449506278909,-0.835626795047148,5.16403129915214
1970-08-06,-0.334136970990171,5.3890717298165,-0.244097899564209,5.22423891355977
1970-08-07,0.612572066315684,5.39362754635236,0.685858986560202,5.35233807583766
1970-08-08,0.996085170871722,5.39816270151775,0.945759592934774,5.46674230735086
1970-08-09,0.463802163010418,5.40267738187228,0.463261672490286,5.4095656739075
1970-08-10,-0.494898414589402,5.40717177146012,-0.406061775434853,5.24212825868721
1970-08-11,-0.998591672156699,5.41164605185504,-1.00722086595165,5.27528682777297
1970-08-12,-0.58418435158457,5.41610040220442,-0.41683200315056,5.48195333019555
1970-08-13,0.367319367730245,5.42053499927229,0.296432773617687,5.31495365614566
1970-08-14,0.981111354333927,5.4249500174814,0.735946273358653,5.27593089405956
1970-08-15,0.692874086389823,5.42934562895444,0.740333589648894,5.4497252507624
1970-08-16,-0.232388421228523,5.43372200355424,-0.302996117272391,5.49702981532769
1970-08-17,-0.943994086083478,5.4380793089232,-1.10680020160697,5.40761155439388
1970-08-18,-0.787695941645058,5.44241771052179,-0.780482363695874,5.51309494304074
1970-08-19,0.0928062188958771,5.44673737166631,0.103773030104349,5.50821720083729
1970-08-20,0.887982769781749,5.4510384535657,0.728450446677639,5.58863270933121
1970-08-21,0.866752057272636,5.4553211153577,0.808690059167533,5.224287939489
1970-08-22,0.0486335005389691,5.45958551414416,-0.0927456571931223,5.48490567489754
1970-08-23,-0.814198472305347,5.46383180502561,-0.821799344846047,5.40224355811394
1970-08-24,-0.928460124580761,5.46806014113513,-0.914307086753508,5.47615061217278
1970-08-25,-0.189099820129863,5.47227067367148,-0.00841248026143596,5.45158116767155
1970-08-26,0.72411798686993,5.47646355193151,0.717563323738556,5.31337214588121
1970-08-27,0.9715850561827,5.48063892334199,0.982898859614275,5.4374125130965
1970-08-28,0.325781305535148,5.48479693349065,0.068682984993864,5.5053890790075
1970-08-29,-0.619544275003953,5.48893772615669,-0.751518036015568,5.60558713814508
1970-08-30,-0.995263706279229,5.49306144334055,-1.04251971936145,5.46649472018118
1970-08-31,-0.455942275895124,5.4971682252932,-0.721611941414096,5.5411467544089
1970-09-01,0.502570380261423,5.50125821054473,0.557051845746479,5.53765728131691
1970-09-02,0.999022146527674,5.50533153593236,1.03793200243202,5.44728536761482
1970-09-03,0.576977558503058,5.50938833662798,0.626798236990909,5.49468969115472
1970-09-04,-0.37553753594093,5.51342874616498,-0.235925850609944,5.47439394997103
1970-09-05,-0.982785151720906,5.51745289646471,-0.962500681203523,5.5659107845068
1970-09-06,-0.68646463135462,5.52146091786225,-0.790943399705457,5.35162146583384
1970-09-07,0.240988305285259,5.52545293913178,0.0123878706190693,5.58589642457749
1970-09-08,0.946877705420381,5.52942908751142,0.964506074152184,5.60616145965639
1970-09-09,0.782212109942271,5.53338948872752,0.927120452849707,5.38216332869924
1970-09-10,-0.101615692060797,5.53733426701854,-0.132407818794565,5.58023796354974
1970-09-11,-0.892018495407942,5.54126354515843,-0.962578141036821,5.61149143575541
1970-09-12,-0.862303607831082,5.54517744447956,-0.859300915256172,5.51324178152329
1970-09-13,-0.0397907599311577,5.54907608489522,-0.0970039931657674,5.52299162611147
1970-09-14,0.819305529144982,5.55295958492162,0.975528182021141,5.36619786794893
1970-09-15,0.925136093146258,5.55682806169954,0.901260105086736,5.60495153504824
1970-09-16,0.180400799592549,5.56068163101553,0.0708342844435666,5.41432229026324
1970-09-17,-0.730194157145638,5.56452040732269,-0.759425048471091,5.52942357776438
1970-09-18,-0.96945197326701,5.5683445037611,-1.04888557549272,5.51864922328367
1970-09-19,-0.31740011602353,5.57215403217776,-0.561186040225387,5.67367276033344
1970-09-20,0.626467944126354,5.57594910314632,0.49913004221685,5.61378332715657
1970-09-21,0.994364265551414,5.57972982598622,0.919903248947247,5.68485665160572
1970-09-22,0.448046666974262,5.5834963087817,0.423552424833935,5.46805220628203
1970-09-23,-0.510202970945957,5.58724865840025,-0.53493873060227,5.47469958766881
1970-09-24,-0.999374350300014,5.59098698051086,-1.09368447663785,5.68366494656696
1970-09-25,-0.569725560839186,5.59471137960184,-0.485178595151616,5.47760279628722
1970-09-26,0.383726281833151,5.59842195899838,0.318995939141621,5.59029737293699
1970-09-27,0.984381950632505,5.6021188208797,0.918058355835208,5.52642097716003
1970-09-28,0.680001393730288,5.605802066296,0.707863273043139,5.57717651883833
1970-09-29,-0.249569308580458,5.60947179518496,-0.225280330412736,5.53528729064141
1970-09-30,-0.949687139530166,5.61312810638807,-0.666673509493819,5.52928109235547
1970-10-01,-0.776666994102475,5.61677109766657,-0.748508050806753,5.74562403941665
1970-10-02,0.110417203919678,5.62040086571715,0.0773524513311796,5.59404904408384
1970-10-03,0.895984333873104,5.62401750618734,0.82485001996526,5.57968765056015
1970-10-04,0.857787599307056,5.62762111369064,0.988171981349619,5.48913599988155
1970-10-05,0.030944901828293,5.63121178182137,0.205925972916381,5.68501804651162
1970-10-06,-0.824348395681676,5.63478960316925,-0.827026837207359,5.83351821831581
1970-10-07,-0.921739579879316,5.63835466933375,-0.949037821830457,5.63835825119566
1970-10-08,-0.171687645155773,5.64190707093811,-0.275099181978458,5.81038780246774
1970-10-09,0.736213118745846,5.64544689764324,0.868682200669185,5.73408713737471
1970-10-10,0.967242936493283,5.64897423816121,0.986980667320977,5.70539759421908
1970-10-11,0.308994059098137,5.65248918026865,0.254929075483351,5.68328931605373
1970-10-12,-0.633342531232723,5.65599181081985,-0.485000958438628,5.61714695910523
1970-10-13,-0.993386919156947,5.65948221575962,-0.971110858767382,5.62653494805556
1970-10-14,-0.440115954846768,5.66296048013595,-0.357796372531555,5.60211893215147
1970-10-15,0.517795588650813,5.66642668811243,0.532864264383582,5.71154709967244
1970-10-16,0.999648255879538,5.66988092298052,0.925999575452127,5.57983278325523
1970-10-17,0.562428926766744,5.67332326717149,0.376313775138275,5.80924465529929
1970-10-18,-0.391884963841509,5.67675380226828,-0.395246491850391,5.66451383640876
1970-10-19,-0.985901625963983,5.68017260901707,-0.974003177909016,5.65251739672469
1970-10-20,-0.673484879893468,5.68357976733868,-0.53830383994588,5.94418605025492
1970-10-21,0.258130758816447,5.68697535633982,0.423588751619756,5.73009138155724
1970-10-22,0.952422168301506,5.69035945432406,1.07730789019958,5.67837177902575
1970-10-23,0.771061028570027,5.6937321388027,0.707072419345071,5.52716292356042
1970-10-24,-0.119210064898616,5.6970934865054,-0.0643794626447719,5.698637869699
1970-10-25,-0.899879974464853,5.70044357339069,-0.934136515865622,5.71888793188001
1970-10-26,-0.853204385517229,5.7037824746562,-0.798665265308174,5.74386546953083
1970-10-27,-0.0220966192786839,5.70711026474888,-0.0141163807836101,5.87307672686865
1970-10-28,0.829326676820903,5.71042701737487,0.979128865749577,5.4730573144742
1970-10-29,0.918270850887274,5.71373280550937,1.07432888312665,5.8006702581415
1970-10-30,0.162961039470883,5.71702770140622,0.137103479507379,5.61760243783108
1970-10-31,-0.7421744001017,5.72031177660741,-0.618829226035872,5.734669050108
1970-11-01,-0.964958118933387,5.72358510195238,-0.980944181798571,5.71452353976995
1970-11-02,-0.300563793350083,5.7268477475872,-0.389388789860316,5.77643442486962
1970-11-03,0.640167497718337,5.73009978297357,0.527667752965407,5.65976476132518
1970-11-04,0.992331743668192,5.73334127689775,1.06430561832907,5.76415793024288
1970-11-05,0.432150760861815,5.73657229747919,0.444162591588501,5.81621459151224
1970-11-06,-0.525347638515573,5.73979291217923,-0.428135896063606,5.69465729061124
1970-11-07,-0.999843841806507,5.74300318780948,-0.994196608245123,5.81797061434641
1970-11-08,-0.555088227956658,5.74620319054015,-0.570647227271221,5.8487137859893
1970-11-09,0.400012942756024,5.74939298590825,0.256096241571722,5.67998820067231
1970-11-10,0.987344058653017,5.75257263882563,1.10853853956641,5.52302842219985
1970-11-11,0.666915600394842,5.75574221358691,0.828206539209073,5.83080183204953
1970-11-12,-0.266671985227481,5.75890177387728,-0.349608305735892,5.82083239941888
1970-11-13,-0.955082577452527,5.76205138278018,-1.05154716802176,5.7987180068729
1970-11-14,-0.765394652556692,5.76519110278484,-0.784644852706027,5.67043497126845
1970-11-15,0.127993586101478,5.76832099579377,0.115702062561592,5.76792222337209
1970-11-16,0.903705111970614,5.77144112313002,0.764196590207086,5.61909790690816
1970-11-17,0.848554325543618,5.77455154554441,0.85594499451435,5.79259486632983
1970-11-18,0.0132466055205879,5.77765232322266,-0.00854646067841032,5.81497289295676
1970-11-19,-0.83423998252822,5.78074351579233,-0.747501523192777,5.76464002462681
1970-11-20,-0.914730177935375,5.78382518232974,-0.939648234902594,5.79757061343272
1970-11-21,-0.154221666243094,5.78689738136671,-0.16506874550087,5.83028942135814
1970-11-22,0.748077534163434,5.78996017089725,0.70542480833349,5.79287511691186
1970-11-23,0.962597699596405,5.79301360838414,0.992414351505667,5.82316031402271
1970-11-24,0.292109979267175,5.79605775076537,0.169346383685419,5.82149730852328
1970-11-25,-0.646942308866107,5.79909265446053,-0.650996000548311,5.98438225842141
1970-11-26,-0.991198821755207,5.80211837537706,-0.788323178334595,5.64559709705382
1970-11-27,-0.424151709070136,5.80513496891649,-0.580279786851527,5.78487591854053
1970-11-28,0.532858528858193,5.80814248998044,0.624540096261405,5.82301033403265
1970-11-29,0.999961092757309,5.8111409929767,0.99517417411309,5.81438581440701
1970-11-30,0.547704039532204,5.81413053182507,0.548427220730936,5.83766572355337
1970-12-01,-0.408109581772219,5.8171111599632,-0.407565241308843,5.73361592095734
1970-12-02,-0.988709135689029,5.82008293035236,-0.915649030657604,5.92460380502776
1970-12-03,-0.660294069919136,5.82304589548302,-0.761037219861072,5.9495986068123
1970-12-04,0.275192318632293,5.82600010738045,0.376811964743032,5.83427924095872
1970-12-05,0.957668158547592,5.82894561761021,1.01956996500232,5.76654849108746
1970-12-06,0.759668310007225,5.83188247728352,0.908512416655306,5.88812467864601
1970-12-07,-0.136767079363879,5.8348107370626,-0.0817368603923276,5.8379477808281
1970-12-08,-0.907459446701534,5.83773044716594,-0.913876416895225,5.79756098850749
1970-12-09,-0.843837783705451,5.8406416573734,-0.78872336309221,5.96651641431298
1970-12-10,-0.00439555392789772,5.84354441703136,0.0565605527710909,5.84592465764047
1970-12-11,0.83908792785983,5.84643877505772,0.965777454599878,5.97818674761746
1970-12-12,0.911117838425468,5.84932477994686,1.02706899758262,5.74938456586531
1970-12-13,0.145470210177922,5.85220247977447,0.0514030505275937,5.83416382400539
1970-12-14,-0.75392205843696,5.85507192220243,-0.648319761043928,5.85899207163899
1970-12-15,-0.960161863414609,5.85793315448346,-0.956715940144827,5.94620927547657
1970-12-16,-0.283633279182166,5.86078622346587,-0.0840023283231365,5.76358234080567
1970-12-17,0.653666433888477,5.8636311755981,0.842620909369739,5.9506983694118
1970-12-18,0.989988242179262,5.8664680569333,0.941024177643569,5.9866621425335
1970-12-19,0.416119426175127,5.86929691313377,0.592045418706049,5.68186471324971
1970-12-20,-0.540327671221366,5.87211778947542,-0.625499461917364,5.86931781522186
1970-12-21,-0.999999999545659,5.87493073085203,-1.02532130005708,5.62188837721425
1970-12-22,-0.54027694002395,5.87773578177964,-0.540841326831702,5.79160386274916
1970-12-23,0.416174246541013,5.8805329864007,0.472159184742871,5.87320061358154
1970-12-24,0.98999675012204,5.88332238848828,0.990230233795469,5.71613767535995
1970-12-25,0.653620807244793,5.88610403145016,0.661413991410408,5.82565162882015
1970-12-26,-0.283691091486527,5.88887795833288,-0.254411767253435,5.95926252207365
1970-12-27,-0.960178709013633,5.89164421182577,-1.0523848911073,5.83282550848087
1970-12-28,-0.753882449564592,5.89440283426485,-0.82574075973703,5.54090633999073
1970-12-29,0.145529857307092,5.89715386763674,0.311781036621031,5.86001365634749
1970-12-30,0.911142684515958,5.89989735358249,0.983409393684464,5.86280278575622
1970-12-31,0.839055129530626,5.90263333340137,0.596812457505007,6.04131969661883
1971-01-01,-0.0044558420441823,5.90536184805457,-0.192053143200162,5.83728378475703
1971-01-02,-0.843870132992738,5.90808293816893,-0.727495544055598,6.06118741454728
1971-01-03,-0.907434115374278,5.91079664404053,-0.955154324996928,5.89428364560041
1971-01-04,-0.136707356927538,5.91350300563827,-0.150879866861883,6.12412992191351
1971-01-05,0.759707515020103,5.91620206260743,0.827665923078356,5.88859978311962
1971-01-06,0.95765080122897,5.91889385427315,0.937100732713176,6.06445139780488
1971-01-07,0.275134357220865,5.92157841964382,0.154412071475843,5.99320702309974
1971-01-08,-0.660339345969006,5.92425579741453,-0.575549668651506,5.86545877453984
1971-01-09,-0.988700099785892,5.92692602597041,-0.986179852010599,6.03107362071337
1971-01-10,-0.408054541483748,5.92958914338989,-0.358441522858466,5.86218210580053
1971-01-11,0.547754480418621,5.93224518744801,0.47212241930814,6.08056869257256
1971-01-12,0.999960559123319,5.93489419561959,0.989398566374993,5.91351841768641
1971-01-13,0.532807511324426,5.93753620508243,0.482608338056845,6.05627251539917
1971-01-14,-0.424206305218414,5.94017125272043,-0.359589026782269,5.88076856683693
1971-01-15,-0.991206801071052,5.9427993751267,-1.04369300822112,5.8213891906252
1971-01-16,-0.64689633520333,5.94542060860658,-0.608937239411392,6.01650089125467
1971-01-17,0.292167637935036,5.94803498918065,0.270922731252776,5.97787240102224
1971-01-18,0.962614032156025,5.95064255258773,0.878187618351563,5.91319773343614
1971-01-19,0.74803752453482,5.95324333428778,0.691820644465725,6.1442935927534
1971-01-20,-0.154281233391908,5.95583736946483,-0.0593427349804801,5.90861009498212
1971-01-21,-0.914754536842477,5.95842469302978,-0.882473000218907,6.00064067283417
1971-01-22,-0.834206737726757,5.96100533962327,-0.870190827617119,5.89398845344673
1971-01-23,0.0133068889134667,5.96357934361845,0.095098980500177,5.84058278577913
1971-01-24,0.848586223254512,5.96614673912369,0.671143414399223,5.88673028237075
1971-01-25,0.903679297391231,5.96870755998537,0.929861031745851,6.07065495683095
1971-01-26,0.127933793037053,5.97126183979046,0.0789536924534672,5.88939611171387
1971-01-27,-0.765433450638477,5.97380961186926,-0.903282435440922,5.90150834540759
1971-01-28,-0.955064709774204,5.97635090929793,-0.936634020403904,5.8333677436173
1971-01-29,-0.2666138792501,5.97888576490112,-0.362730792765398,5.98121031883683
1971-01-30,0.666960522303647,5.98141421125448,0.622253227959385,6.09324604588704
1971-01-31,0.987334495497458,5.98393628068719,1.04247365247915,6.01257552273099
1971-02-01,0.39995768685722,5.98645200528444,0.512850864073931,5.93320384908604
1971-02-02,-0.555138374580172,5.98896141688986,-0.540273767801213,5.93806269281484
1971-02-03,-0.999842774580336,5.99146454710798,-0.977533079211171,6.1199288084838
1971-02-04,-0.525296338642536,5.99396142730657,-0.62513677552943,5.97981531308106
1971-02-05,0.432205128515029,5.99645208861902,0.442145257537821,6.02561923619687
1971-02-06,0.992339193731948,5.99893656194668,0.990843509414227,6.01006724846505
1971-02-07,0.640121180638375,6.00141487796115,0.594429031419486,5.97567558356409
1971-02-08,-0.300621293864048,6.00388706710654,-0.32423228173485,5.85758814675183
1971-02-09,-0.964973937173992,6.00635315960173,-0.87677204343216,5.89851814106298
1971-02-10,-0.742133992851483,6.00881318544259,-0.659777033749905,6.01205247016763
1971-02-11,0.163020521972421,6.01126717440416,0.175040968684403,6.03676860292304
1971-02-12,0.918294720702536,6.0137151560428,0.89008190795867,6.03962575101605
1971-02-13,0.829292988151819,6.01615715969835,0.897464854302878,6.10344104322944
1971-02-14,-0.0221568932251213,6.01859321449623,-0.0196779428572952,6.01858360792249
1971-02-15,-0.853235829152633,6.02102334934953,-0.793471180483749,5.87641269312354
1971-02-16,-0.899853678655842,6.02344759296103,-0.696560587328125,5.93845467880727
1971-02-17,-0.119150205890726,6.02586597382531,-0.105003835060851,5.96541575915452
1971-02-18,0.771099416680996,6.0282785202307,0.765949541395102,5.88134924616488
1971-02-19,0.952403791663366,6.03068526026126,0.946245317253114,5.97990755319767
1971-02-20,0.258072512825555,6.0330862217988,0.12105322078708,6.26543157664865
1971-02-21,-0.673529444141701,6.03548143252476,-0.726317661981209,6.11076018482965
1971-02-22,-0.98589153630525,6.03787091992214,-1.05148529564389,6.03519052037956
1971-02-23,-0.391829496661518,6.04025471127741,-0.395496469662729,6.0862100353839
1971-02-24,0.562478775198509,6.04263283368238,0.533504727134636,5.9423650188286
1971-02-25,0.9996466551448,6.04500531403601,1.05011072011217,6.076864825929
1971-02-26,0.517744010457709,6.04737217904628,0.630057333035029,6.14916233636132
1971-02-27,-0.440170089745364,6.04973345523196,-0.585840081981808,6.12951834662673
1971-02-28,-0.993393839384921,6.05208916892442,-0.953551669735418,6.18559197883226
1971-03-01,-0.63329587436439,6.05443934626937,-0.612301350332326,6.08032353464404
1971-03-02,0.309051396953201,6.05678401322862,0.336907375977201,6.13324706766623
1971-03-03,0.967258239175559,6.0591231955818,0.990978231972472,5.94442014622729
1971-03-04,0.736172317039821,6.06145691892802,0.959330839297104,6.15989261955901
1971-03-05,-0.171747038349746,6.06378520868761,-0.023817386876928,6.10560204581398
1971-03-06,-0.921762958732604,6.06610809010375,-0.885046603979672,6.02814298580171
1971-03-07,-0.824314265784384,6.06842558824411,-0.736437307552159,6.16099195514856
1971-03-08,0.0310051616059934,6.07073772800249,0.0136630303569734,6.1402443160975
1971-03-09,0.857818586403449,6.07304453410041,0.936468624778359,6.16338689192506
1971-03-10,0.89595755889467,6.07534603108868,0.993837298735337,6.10074044087289
1971-03-11,0.11035728365811,6.07764224334903,0.175307417357943,6.16553084937931
1971-03-12,-0.776704969235027,6.07993319509559,-0.724033297312016,5.96101598852061
1971-03-13,-0.949668255371966,6.08221891037645,-0.97867533323731,6.00605881683957
1971-03-14,-0.249510927139466,6.08449941307517,-0.262960524496648,6.06514874297799
1971-03-15,0.680045596826464,6.08677472691231,0.69129218682782,6.17215266784822
1971-03-16,0.984371335261093,6.08904487544685,0.940097528863561,6.16874787649622
1971-03-17,0.383670607717673,6.0913098820777,0.432490031550718,5.98596895551927
1971-03-18,-0.569775107173715,6.09356977004514,-0.588080697495167,6.11734900080338
1971-03-19,-0.999372216182122,6.09582456243222,-1.04170990691987,6.00217282522025
1971-03-20,-0.510151118473792,6.09807428216624,-0.582259314156168,6.09583803577235
1971-03-21,0.448100564876922,6.10031895202006,0.280264096061183,6.0492428984014
1971-03-22,0.994370655401426,6.10255859461357,1.13222127202405,6.22642325913165
1971-03-23,0.626420951125085,6.10479323241498,0.579846951432821,6.24722914316483
1971-03-24,-0.317457286727432,6.10702288774225,-0.389019088840234,6.24790121989899
1971-03-25,-0.969466759192035,6.10924758276437,-0.956831383850015,6.2460762247275
1971-03-26,-0.730152964180506,6.11146733950268,-0.5857320743298,6.09848865049578
1971-03-27,0.180460098825665,6.11368217983223,0.370277534316221,6.09570463870487
1971-03-28,0.925158979205905,6.11589212548303,0.997511200609425,6.07918488633994
1971-03-29,0.819270960693464,6.11809719804135,0.800711354865552,6.18129509159543
1971-03-30,-0.0398510008189356,6.12029741895095,-0.0889519723450652,6.22103880425298
1971-03-31,-0.862334135960712,6.12249280951439,-0.63353628144258,6.16918460341702
1971-04-01,-0.891991243357829,6.12468339089421,-0.892204491398687,6.08095335203941
1971-04-02,-0.101555715240137,6.12686918411419,0.0539262177673259,5.92264581599793
1971-04-03,0.782249669121161,6.12905021006055,0.745740975345349,6.28153793311703
1971-04-04,0.946858315221642,6.13122648948314,0.850655427904261,6.13193339228422
1971-04-05,0.240929792968189,6.13339804299665,0.210278921103492,6.03438194664396
1971-04-06,-0.68650846983555,6.13556489108174,-0.706578154180756,6.07797866140683
1971-04-07,-0.982774011468501,6.13772705408623,-0.946592966551101,6.35985609610768
1971-04-08,-0.375481659251875,6.13988455222626,-0.399226099961918,6.19588915278133
1971-04-09,0.577026798858534,6.14203740558736,0.592837437518323,6.21787476916358
1971-04-10,0.99901947919383,6.14418563412565,1.03497879381302,6.18829535159827
1971-04-11,0.502518257572694,6.1463292576689,0.430741433166874,6.03482983680459
1971-04-12,-0.455995932579097,6.14846829591765,-0.342241190913559,6.22182635694926
1971-04-13,-0.995269565250652,6.15060276844628,-1.10661399616193,6.16527409371949
1971-04-14,-0.61949694955152,6.1527326947041,-0.574407863130568,6.12175907040969
1971-04-15,0.325838304608723,6.15485809401642,0.243582429212455,6.29131800330669
1971-04-16,0.971599324192036,6.15697898558556,0.991960020830562,6.24924458109611
1971-04-17,0.724076405873044,6.15909538849193,0.8140751720177,6.05231584293731
1971-04-18,-0.189159020756195,6.16120732169508,-0.25908420207531,6.05464133740093
1971-04-19,-0.928482516053707,6.16331480403464,-1.04263618008613,6.23056769516427
1971-04-20,-0.814163468007945,6.16541785423142,-0.965565715885632,6.22234544824842
1971-04-21,0.0486937178171189,6.16751649088834,0.00842129310510216,6.19058858942804
1971-04-22,0.866782124043708,6.16961073249146,0.974930789353187,6.17250183899921
1971-04-23,0.88795504279508,6.17170059741091,0.99688073823361,6.06288449038242
1971-04-24,0.0927461902151406,6.17378610390194,0.0854712941032679,6.26795740607477
1971-04-25,-0.787733081927629,6.17586727010576,-0.789441236963608,6.10657073713061
1971-04-26,-0.943974191363369,6.1779441140506,-0.929450308378207,6.27155532987831
1971-04-27,-0.232329782619653,6.18001665365257,-0.329151838188107,6.17019559312578
1971-04-28,0.692917556820885,6.18208490671663,0.597293557137208,6.02631508309713
1971-04-29,0.981099690073336,6.18414889093748,0.747426844893746,6.04883771162163
1971-04-30,0.367263292845397,6.18620862390049,0.39209862592875,6.08888900945749
1971-05-01,-0.584233282103149,6.18826412308259,-0.705629442161862,6.31117273011012
1971-05-02,-0.998588471815882,6.19031540585315,-1.00842390434801,6.04774904211857
1971-05-03,-0.494846025767777,6.19236248947487,-0.375974107877096,6.20013171266304
1971-05-04,0.463855574271853,6.19440539110467,0.469164484207905,6.3277181255721
1971-05-05,0.996090498505521,6.19644412779452,0.874201819337035,6.36403085082559
1971-05-06,0.612524412119903,6.19847871649231,0.665140882616807,6.10088041109778
1971-05-07,-0.3341937939677,6.20050917404269,-0.35188449756043,6.22086401785078
1971-05-08,-0.973655767095044,6.20253551718792,-0.817601313246337,6.1298909151204
1971-05-09,-0.717943118198829,6.20455776256869,-0.58532229250795,6.03177633258845
1971-05-10,0.197843122605065,6.20657592672493,0.220918310436847,6.12671430206972
1971-05-11,0.931733308886168,6.20859002609663,0.99085617046713,6.40579325685733
1971-05-12,0.808992187885632,6.21060007702465,0.833412095958795,6.12865343816495
1971-05-13,-0.0575326197983314,6.21260609575152,0.0932332692593783,6.29491790698563
1971-05-14,-0.871162202164979,6.21460809842219,-0.789462216626749,6.28859650114161
1971-05-15,-0.883849273431478,6.21660610108486,-0.776261630336845,6.10546030956138
1971-05-16,-0.0839293987848358,6.21860011969173,-0.0131898663001541,6.13598749285998
1971-05-17,0.793154778044331,6.22059017009974,0.676675495656939,6.26557416846527
1971-05-18,0.941016109760205,6.22257626807137,1.00122365167442,6.14419718246276
1971-05-19,0.223711569880679,6.22455842927536,0.309952696702417,6.20135018100901
1971-05-20,-0.69927235564838,6.22653666928747,-0.759002746931258,6.3215922264132
1971-05-21,-0.979348502254011,6.22851100359118,-1.10880665251522,6.10888069563653
1971-05-22,-0.359016152384322,6.23048144757848,-0.281662381215198,6.27271130634684
1971-05-23,0.591393992299697,6.23244801655052,0.558783462109591,6.19343429663109
1971-05-24,0.998079227816505,6.23441072571837,0.906663299505097,6.37116690623325
1971-05-25,0.487135024157002,6.2363695902037,0.483889975914677,6.27518669936888
1971-05-26,-0.471678874174184,6.23832462503951,-0.598723695837926,6.26650567014485
1971-05-27,-0.996833390848202,6.24027584517077,-0.966062058394214,6.29444969752609
1971-05-28,-0.605503885109096,6.24222326545517,-0.512784503579692,6.29951482109859
1971-05-29,0.342523100175079,6.24416690066374,0.410472559270168,6.24572530627527
1971-05-30,0.975635926784494,6.24610676548156,0.894665249437161,6.28422788064034
1971-05-31,0.711753581683844,6.24804287450843,0.827216191710773,6.05414528896859
1971-06-01,-0.206511723997117,6.24997524225948,-0.146873353214211,6.24929135869114
1971-06-02,-0.934911103012738,6.25190388316589,-0.819902051029108,6.32649303848351
1971-06-03,-0.8037575254819,6.25382881157547,-0.674914627849539,6.17038364874885
1971-06-04,0.066367014259257,6.25575004175337,0.13655903745907,6.16121294509342
1971-06-05,0.875474027157621,6.25766758788264,0.806043081422484,6.26966597932343
1971-06-06,0.8796742569426,6.25958146406492,0.896916762509018,6.24093226342029
1971-06-07,0.0751060317202384,6.26149168432104,0.176069625708824,6.16326715788704
1971-06-08,-0.7985143326965,6.26339826259162,-0.663268383429433,6.35306556380912
1971-06-09,-0.937984302169594,6.26530121273771,-1.12467305940368,6.22122843782467
1971-06-10,-0.215075829964199,6.26720054854136,-0.247474302099523,6.38944868471629
1971-06-11,0.705572368437272,6.26909628370626,0.804916078894972,6.22262217252548
1971-06-12,0.977520585211205,6.2709884318583,0.966391332823356,6.20831290256479
1971-06-13,0.350740884009102,6.27287700654617,0.316037063925302,6.24755858211225
1971-06-14,-0.598508368426509,6.27476202124194,-0.614558320530032,6.29661921309839
1971-06-15,-0.997491787093544,6.27664348934164,-0.947913786489118,6.30343641294604
1971-06-16,-0.479385856875838,6.27852142416584,-0.547624585903079,6.12321392931218
1971-06-17,0.479465219352366,6.2803958389602,0.491695171558009,6.30375237054706
1971-06-18,0.997498184075151,6.28226674689601,1.01185495950796,6.21659196407611
1971-06-19,0.598435918557807,6.2841341610708,0.533211022000408,6.18198946468464
1971-06-20,-0.350825570652949,6.28599809450886,-0.218057638525247,6.36812550768285
1971-06-21,-0.977539648120395,6.28785856016178,-0.880863436379015,6.2216176055382
1971-06-22,-0.70550828126101,6.289715570909,-0.7353096996425,6.11671017503553
1971-06-23,0.215164145771612,6.29156913955832,0.259786122271365,6.29718567902301
1971-06-24,0.938015649462111,6.29341927884648,0.904082083752951,6.2773292815867
1971-06-25,0.798459890917946,6.29526600143965,0.694312228257488,6.44393528447665
1971-06-26,-0.0751962090497312,6.29710931993394,-0.15366976397749,6.364209524419
1971-06-27,-0.879717261202171,6.29894924685594,-0.887541676054589,6.32364133822246
1971-06-28,-0.875430320429344,6.30078579466324,-1.01015234517705,6.10681200605685
1971-06-29,-0.066276780307547,6.30261897574491,-0.138048345230326,6.43921320783697
1971-06-30,0.803811325977977,6.30444880242198,0.735158451288978,6.25408586503651
1971-07-01,0.934879006125203,6.30627528694802,0.990894335401205,6.27453840666323
1971-07-02,0.206423239456346,6.30809844150953,0.13868101033219,6.49248642931496
1971-07-03,-0.711817101599132,6.30991827822652,-0.802943306392587,6.25914964072747
1971-07-04,-0.97561608215712,6.31173480915291,-0.941204138472005,6.30094686843737
1971-07-05,-0.342438136063933,6.31354804627709,-0.386090306194705,6.38140732403426
1971-07-06,0.605575853092059,6.31535800152233,0.538425498434422,6.34309946810697
1971-07-07,0.996826195671344,6.31716468674728,0.988099825208851,6.15794604974365
1971-07-08,0.471599131049926,6.31896811374643,0.526616146938636,6.2998370899087
1971-07-09,-0.487213999767972,6.32076829425058,-0.383114521726465,6.36349424315423
1971-07-10,-0.998084826101675,6.32256523992728,-0.816205093981186,6.26789778990565
1971-07-11,-0.5913210662215,6.32435896238131,-0.358208455802235,6.42202592018647
1971-07-12,0.359100554925907,6.3261494731551,0.409220557529926,6.34392779380985
1971-07-13,0.979366781951493,6.32793678372919,0.937361874826749,6.39503945467553
1971-07-14,0.699207706232195,6.3297209055227,0.701049918148029,6.11782195863093
1971-07-15,-0.223799710035437,6.33150184989369,-0.348824333188998,6.25362384283136
1971-07-16,-0.941046705001731,6.33327962813969,-0.817519409812858,6.25163087815946
1971-07-17,-0.793099699248663,6.33505425149806,-0.804698964863704,6.33187807168691
1971-07-18,0.0840195124269691,6.33682573114644,0.170618941253015,6.37051457715397
1971-07-19,0.88389157185308,6.33859407820318,0.878812285748466,6.31105282101266
1971-07-20,0.871117796392298,6.34035930372775,0.903439668061544,6.37793159305656
1971-07-21,0.0574423362939826,6.34212141872115,-0.101163928290281,6.32267638268248
1971-07-22,-0.809045342884114,6.34388043412633,-0.788435333346485,6.28844951188386
1971-07-23,-0.931700464918315,6.3456363608286,-1.02264241221736,6.42649127888741
1971-07-24,-0.197754476263453,6.34738920965601,-0.0869011236728486,6.19825175910919
1971-07-25,0.718006065876535,6.3491389913798,0.598298057938936,6.28081892843178
1971-07-26,0.97363514230426,6.35088571671474,1.00783898710087,6.42787610324421
1971-07-27,0.334108559045957,6.35262939631957,0.201520991901139,6.3870140361388
1971-07-28,-0.612595892578636,6.35437004079735,-0.400037548863068,6.37186893778086
1971-07-29,-0.996082505697133,6.35610766069589,-0.930036028995442,6.37387505243386
1971-07-30,-0.463775456747515,6.3578422665081,-0.359660884737424,6.21996864428157
1971-07-31,0.494924608325669,6.35957386867238,0.482032544598168,6.30710828297036
1971-08-01,0.998593270966005,6.361302477573,1.09679453883162,6.36832304483876
1971-08-02,0.584159885529012,6.36302810354046,0.510764562239484,6.34844569958287
1971-08-03,-0.367347404672017,6.36475075685191,-0.555886093805235,6.26121899052825
1971-08-04,-0.981117185126947,6.36647044773144,-1.12252965552424,6.63882725469538
1971-08-05,-0.692852350229879,6.36818718635049,-0.679600328537635,6.36628780506922
1971-08-06,0.23241774021622,6.36990098282823,0.24939198821852,6.36895801137616
1971-08-07,0.944004032156851,6.37161184723186,0.866413884980082,6.46258842369218
1971-08-08,0.787677370430116,6.37331978957701,0.885228942554917,6.26354194410002
1971-08-09,-0.0928362331097619,6.3750248198281,-0.0735483170522844,6.40701609954979
1971-08-10,-0.887996632064749,6.37672694789863,-0.914212607031396,6.24109900291576
1971-08-11,-0.86673702270569,6.37842618365159,-0.909494646257079,6.25761723031812
1971-08-12,-0.0486033918335919,6.38012253689976,0.0738516623366488,6.29792715582037
1971-08-13,0.814215973344285,6.3818160174061,0.662632035198208,6.34589611720491
1971-08-14,0.92844892757877,6.38350663488401,0.912178100125654,6.36842700378888
1971-08-15,0.189070219558937,6.38519439899773,0.136219075855704,6.49408770556452
1971-08-16,-0.724138776381392,6.38687931936265,-0.558300775292027,6.31023343504357
1971-08-17,-0.971577920853736,6.38856140554563,-0.881552216278606,6.54180971987775
1971-08-18,-0.3257528055543,6.39024066706535,-0.315939807656785,6.46564002082809
1971-08-19,0.619567936885727,6.3919171133926,0.532215848895856,6.43074921244921
1971-08-20,0.995260775436949,6.39359075395063,0.966986550984529,6.22890649749464
1971-08-21,0.455915446931666,6.39526159811545,0.423150617375532,6.44049179354496
1971-08-22,-0.502596440920784,6.39692965521615,-0.478507220158584,6.45644389979787
1971-08-23,-0.999023478832906,6.39859493453521,-0.9566448366653,6.41796990872321
1971-08-24,-0.576952937538875,6.40025744530882,-0.450978603985871,6.3921306999138
1971-08-25,0.375565473773604,6.40191719672719,0.414621151011589,6.45470334836351
1971-08-26,0.982790720507552,6.40357419793482,0.997309486671827,6.28569731787893
1971-08-27,0.686442711178478,6.40522845803084,0.53862230182423,6.40565295596329
1971-08-28,-0.241017561115334,6.40687998606931,-0.42938293660864,6.40332992554394
1971-08-29,-0.946887399229138,6.4085287910595,-0.980676352112983,6.36749881950024
1971-08-30,-0.782193329286644,6.41017488196617,-0.965286522180242,6.34439896946409
1971-08-31,0.101645680332636,6.4118182677099,0.0747449594226818,6.59756379830518
1971-09-01,0.892032120217163,6.41345895716736,0.661161955240863,6.48347374460839
1971-09-02,0.862288342590921,6.4150969591716,0.820360743778383,6.31386138257727
1971-09-03,0.0397606394330194,6.41673228251233,-0.0522115936094991,6.44178035624841
1971-09-04,-0.819322812254017,6.41836493593621,-0.757593992231707,6.35821033742038
1971-09-05,-0.925124648855448,6.41999492814714,-0.936608128311505,6.55656468256529
1971-09-06,-0.180371149730086,6.42162226780652,-0.208593648603683,6.34547116174471
1971-09-07,0.730214752632942,6.42324696353352,0.865439630680389,6.30419963479261
1971-09-08,0.96944457898311,6.42486902390539,0.822611235226137,6.59810359562884
1971-09-09,0.317371530238942,6.42648845745769,0.242007842631726,6.51009249832267
1971-09-10,-0.626491439773109,6.4281052726846,-0.632344190918276,6.44940170666122
1971-09-11,-0.994361069271065,6.42971947803914,-0.78688006263657,6.61386260931219
1971-09-12,-0.448019717412222,6.43133108193348,-0.56443154903944,6.4741487858051
1971-09-13,0.510228896486633,6.43294009273918,0.572415341975403,6.33522225291615
1971-09-14,0.99937541599679,6.43454651878745,0.960588974728434,6.35232238182568
1971-09-15,0.569700786895362,6.43615036836943,0.600217631824573,6.37032318138344
1971-09-16,-0.383754118367875,6.4377516497364,-0.189006068505693,6.57140364501266
1971-09-17,-0.984387256976478,6.4393503711001,-0.987755959261693,6.34960494221227
1971-09-18,-0.679979291255333,6.44094654063292,-0.720043528676638,6.68520154382817
1971-09-19,0.249598498960799,6.4425401664682,0.203926096826355,6.57902636813793
1971-09-20,0.949696580314825,6.44413125670044,0.780819008686199,6.49259323455072
1971-09-21,0.776648005477575,6.44571981938558,0.789933893244177,6.3118830414716
1971-09-22,-0.110447163899974,6.44730586254121,-0.331313524604497,6.47198326105199
1971-09-23,-0.895997720141079,6.44888939414686,-0.777370849655489,6.57336835182559
1971-09-24,-0.857772104589668,6.45047042214418,-0.938727939757076,6.49447317274171
1971-09-25,-0.0309147718972505,6.45204895443723,0.172930236435941,6.42450440047592
1971-09-26,0.824365459506724,6.45362499889269,0.740548989354216,6.53318431977209
1971-09-27,0.921727889196314,6.45519856334012,0.69136268889587,6.45104219885809
1971-09-28,0.171657948324759,6.45676965557216,0.221502975986707,6.45190048536665
1971-09-29,-0.736233518595392,6.45833828334479,-0.762958913561456,6.46728344050756
1971-09-30,-0.967235283833767,6.45990445437753,-0.951321876246454,6.52555372000628
1971-10-01,-0.308965389749426,6.46146817635372,-0.382784884685803,6.4914659849979
1971-10-02,0.63336585880364,6.46302945692067,0.624340771472137,6.54963036062239
1971-10-03,0.993383457688949,6.46458830368996,0.855454670289031,6.32886094298361
1971-10-04,0.440088886797569,6.46614472423762,0.530681528302288,6.55678731371311
1971-10-05,-0.51782137704161,6.46769872610435,-0.509636814270671,6.44776305067256
1971-10-06,-0.999649054884364,6.46925031679577,-0.980367096315767,6.44830868882169
1971-10-07,-0.562404001784247,6.4707995037826,-0.438651507844651,6.41802558874998
1971-10-08,0.391912696897368,6.4723462945009,0.289074443300976,6.52678115625343
1971-10-09,0.985906669449545,6.47389069635227,0.833468715282943,6.30003823695449
1971-10-10,0.673462596851366,6.47543271670409,0.525507896602382,6.33492352552569
1971-10-11,-0.258159881460068,6.47697236288968,-0.472735009156679,6.47963578631768
1971-10-12,-0.952431355322407,6.47850964220857,-0.85221040768317,6.57646152389832
1971-10-13,-0.77104183346356,6.48004456192665,-0.612101430889383,6.62719616172393
1971-10-14,0.119239994240088,6.48157712927643,0.0788431869684975,6.50979377604243
1971-10-15,0.899893121142807,6.4831073514572,0.657712379668191,6.44482386286702
1971-10-16,0.853188662536583,6.48463523563525,0.838680514303228,6.57583608182248
1971-10-17,0.0220664822753333,6.48616078894409,0.121199296523385,6.59348259383877
1971-10-18,-0.829343520025061,6.48768401848461,-0.66841402144149,6.28188673669231
1971-10-19,-0.918258914728014,6.48920493132532,-0.829038546763101,6.52470042290401
1971-10-20,-0.162931297997982,6.49072353450251,-0.290835233532885,6.67598569314078
1971-10-21,0.742194602715217,6.49223983502047,0.795108010851534,6.55379691732107
1971-10-22,0.96495020849782,6.49375383985169,0.985030040192972,6.65817649582368
1971-10-23,0.300535042683412,6.49526555593701,0.0617548160084145,6.44121528722681
1971-10-24,-0.640190655385765,6.49677499018586,-0.683324507589625,6.63870639213525
1971-10-25,-0.992328017283742,6.49828214947643,-0.968960479115519,6.7085124268791
1971-10-26,-0.432123576446164,6.49978704065585,-0.204947145563151,6.39343458506004
1971-10-27,0.525373287736042,6.50128967054039,0.43539660604462,6.55589708537012
1971-10-28,0.999844374056783,6.50279004591562,0.807120725074497,6.44815760865421
1971-10-29,0.555063153888291,6.50428817353665,0.612509766424426,6.41867655048536
1971-10-30,-0.400040570160211,6.50578406012823,-0.446185059569598,6.55400746948685
1971-10-31,-0.987348838885026,6.50727771238501,-1.12788583946506,6.41282393634775
1971-11-01,-0.666893138531408,6.50876913697168,-0.731241519438424,6.47492822480684
1971-11-02,0.266701037852704,6.51025834052315,0.182059825337527,6.52370000934683
1971-11-03,0.955091509989893,6.51174532964473,0.966916137827892,6.45135640901398
1971-11-04,0.765375252472541,6.51323011091231,0.650989612474894,6.5604617292065
1971-11-05,-0.128023482459246,6.51471269087253,-0.129847152462449,6.40745765428929
1971-11-06,-0.903718018028541,6.51619307604296,-0.916927394892898,6.42622288173907
1971-11-07,-0.848538375531565,6.51767127291227,-0.836609844445801,6.50252391143538
1971-11-08,-0.0132164638060794,6.5191472879404,-0.239228163161495,6.50911720113187
1971-11-09,0.83425660379187,6.5206211275587,1.07561470485369,6.59044798646487
1971-11-10,0.91471799723502,6.52209279817015,0.904014655293213,6.45217909275641
1971-11-11,0.154191882458466,6.52356230614951,0.0715160563293874,6.57229751783692
1971-11-12,-0.748097537958103,6.52502965784346,-0.584309429830166,6.71824434733995
1971-11-13,-0.962589532004549,6.52649485957079,-0.902468333914502,6.5802436296179
1971-11-14,-0.292081149535079,6.52795791762255,-0.326277834478055,6.43051546528221
1971-11-15,0.646965294815709,6.52941883826223,0.613030029367394,6.58776477710085
1971-11-16,0.991194830746255,6.53087762772588,1.22368989883906,6.51539979209016
1971-11-17,0.424124410417856,6.53233429222235,0.253266531440161,6.45170167338028
1971-11-18,-0.53288403689879,6.53378883793334,-0.432088859408514,6.49525833553407
1971-11-19,-0.999961358211334,6.53524127101366,-1.11474077775709,6.62188757991797
1971-11-20,-0.547678818342451,6.5366915975913,-0.436918108540001,6.478270426213
1971-11-21,0.408137101360205,6.53813982376767,0.411651710809873,6.52427823870537
1971-11-22,0.988713652292966,6.53958595561767,0.973074553147302,6.77650423095561
1971-11-23,0.660271430994194,6.5410299991899,0.649698281821093,6.47458268485078
1971-11-24,-0.275221298962927,6.5424719605068,-0.218807587909057,6.49104084262949
1971-11-25,-0.957676835901583,6.54391184556479,-0.84943096356812,6.64634219661091
1971-11-26,-0.759648706465331,6.54534966033442,-0.724010917618356,6.57020042465811
1971-11-27,0.136796940395646,6.54678541076052,0.14495307593583,6.53828182822854
1971-11-28,0.90747211112828,6.54821910276237,0.965790468226149,6.60547422150003
1971-11-29,0.84382160791163,6.54965074223381,0.887002374342154,6.4159821232551
1971-11-30,0.00436540986375049,6.5510803350434,0.0720139998336541,6.52751190671852
1971-12-01,-0.839104325880742,6.55250788703459,-0.617319677159603,6.46148741178631
1971-12-02,-0.911105414138343,6.55393340402581,-0.784616356595064,6.65478096327336
1971-12-03,-0.145440386415043,6.55535689181067,-0.228974041171949,6.532413100147
1971-12-04,0.75394186184554,6.55677835615804,0.86521527678831,6.58685215527562
1971-12-05,0.960153439306371,6.55819780281227,0.798084025745027,6.47583607913934
1971-12-06,0.283604372643374,6.55961523749324,0.376167268620223,6.64171204401112
1971-12-07,-0.653689246319367,6.56103066589657,-0.672551480626952,6.74493534068496
1971-12-08,-0.989983986858494,6.56244409369372,-0.876206996998688,6.53026169779825
1971-12-09,-0.416092015424991,6.56385552653213,-0.35385858712918,6.50458797871261
1971-12-10,0.540353036083606,6.56526497003536,0.497623136364136,6.41242796004171
1971-12-11,0.999999998182636,6.56667242980324,1.0098182418371,6.67750208568841
1971-12-12,0.540251573688821,6.56807791141198,0.520930700522451,6.67584677479127
1971-12-13,-0.416201656156713,6.5694814204143,-0.58263604140591,6.75483289186088
1971-12-14,-0.990001002744043,6.57088296233958,-0.940181812404878,6.72675544210216
1971-12-15,-0.65359799303204,6.57228254269401,-0.703008943710491,6.66013419030433
1971-12-16,0.283719997252043,6.57368016696065,0.131897601812962,6.52291114244996
1971-12-17,0.960187130504403,6.57507584059962,1.04670561211579,6.44044881341013
1971-12-18,0.753862644100839,6.57646956904822,0.827146568600832,6.4798304762704
1971-12-19,-0.145559680673331,6.57786135772105,-0.319711041836476,6.59522322587718
1971-12-20,-0.911155106319301,6.5792512120101,-1.04552472411201,6.67638632131054
1971-12-21,-0.839038729222366,6.58063913728495,-0.86617157102194,6.51423699001368
1971-12-22,0.00448598609626487,6.58202513889283,-0.13195131115969,6.66210866965375
1971-12-23,0.843886306486174,6.58340922215876,0.701554300190907,6.53037270389597
1971-12-24,0.90742144847379,6.58479139238572,0.942897895386549,6.69590402094399
1971-12-25,0.136677495523018,6.58617165485467,0.135153178574953,6.48720841102456
1971-12-26,-0.759727116491052,6.5875500148248,-0.831799941987088,6.52992107766205
1971-12-27,-0.957642121264355,6.58892647753352,-0.996951083036061,6.57159865831007
1971-12-28,-0.275105376140123,6.59030104819669,-0.387128812890291,6.58731955252376
1971-12-29,0.660361983093894,6.59167373200866,0.819775599721168,6.58196063642289
1971-12-30,0.9886955804867,6.59304453414244,1.00527419006812,6.46361189227656
1971-12-31,0.408027020783312,6.59441345974978,0.506652226208868,6.67710990726213
1972-01-01,-0.547779700115238,6.59578051396131,-0.563211196113571,6.58539985150622
